{
	"calibDataSource": "j:\/calibration\/171204_calib_rawData\/full\/output_norm",
	"cameras": [
		{
			"name": "logi",
			"type": "vga",
			"resolution": [640,480],
			"panel": 0,
			"node": 1,
			"K": [
        [772.6765541,    0,         629.93338154],
        [  0,         791.23923681, 367.32383006],
        [  0,           0,           1        ]
			],
			"distCoef": [ 1.25103767e+00, -5.68523923e+01,  1.53408098e-01,  5.88174033e-02, 6.81403303e+02],
			"R": [
        [-0.05422192,  0.95331467, -0.29707091],
        [-0.90781199, -0.17096709, -0.38294602],
        [-0.4158574,   0.24892046,  0.87470065]
			],
			"t": [
        [-0.42837504],
        [ 5.10560763],
        [27.30809818]
			]
		},
    {
      "name": "mscam",
      "type": "vga",
      "resolution": [640,480],
      "panel": 0,
      "node": 0,
      "K": [
        [1.55188052e+03, 0.00000000e+00, 6.49407597e+02],
        [0.00000000e+00, 1.44624153e+03, 3.59553094e+02],
        [0.00000000e+00, 0.00000000e+00, 1.00000000e+00]
      ],
      "distCoef": [-2.27457322e+00,  2.51696312e+02, -2.49659270e-02, -1.61481391e-02, -6.27349424e+03],
      "R": [
        [ 0.04281917,  0.86667407,  0.49703378],
        [-0.9936477,  -0.01487952,  0.11154747],
        [ 0.10407092, -0.49865285,  0.86053157]
      ],
      "t": [
        [-5.49418282],
        [ 2.47001264],
        [41.28964001]
      ]
    }
	]
}
